,danceability,energy,key,loudness,mode,speechiness,acousticness,instrumentalness,liveness,valence,tempo,duration_ms,time_signature
count,200.0,200.0,200.0,200.0,200.0,200.0,200.0,200.0,200.0,200.0,200.0,200.0,200.0
mean,0.5017310838322674,0.48030615786809816,5.405,-28.807701334290183,0.465,0.5097570109019142,0.5053054537360682,0.49116868770927724,0.48533415411370046,0.4811727561458076,119.05632155926708,241492.465,3.435
std,0.28922525644931457,0.284163407754084,3.4072012122125273,16.902304113089542,0.5000251249968752,0.30942144450122433,0.2675576669427783,0.27237823010884976,0.2879936778485762,0.2878482223096265,36.39978728478703,33229.25790917921,0.4970010565896779
min,0.0051848627739867,0.0025950243836465,0.0,-59.8596365624533,0.0,0.0010294798456333,0.0090304041295502,0.0012366797594094,0.0003325061204894,0.0018798835249106,60.02260794678983,180929.0,3.0
25%,0.2501926326909242,0.24353607468089883,3.0,-42.60418184561501,0.0,0.22785390675462647,0.3159338017481607,0.2532511630564538,0.22863155802073767,0.2232200511241699,87.7505947268213,215975.25,3.0
50%,0.49880053729916846,0.48020802444241484,5.0,-28.90576950538854,0.0,0.5260277985360651,0.5328784570629974,0.5036302770143803,0.4853085449982023,0.47648321747503397,116.55845374809532,244068.0,3.0
75%,0.7377538577051003,0.7261898912164431,8.0,-13.481064834119227,1.0,0.7908046933690651,0.686527768453887,0.7185823562636551,0.7426169844485342,0.7414710922176275,151.25707564808354,265970.0,4.0
max,0.9959312420303292,0.9958313750293708,11.0,-0.6762730826734327,1.0,0.9963357758067244,0.9933369373586284,0.995480490704257,0.9924154004894702,0.9911264318213036,179.6493788497994,299006.0,4.0
